Name,Fwd,Rev,Frag_len,Max_alleles,Group
GeNi072,GGTAAAGTTGTGTGGCAATTGG,AGCACCCGTCACATCTC,290,2,GeNi
GeNi112,AGGTGAGAATGATACTACGTACGT,CATGACAAATACAATGGGTCACA,242,2,GeNi
GeNi116,GTCGATGCTGAAGTTGAACAAGT,GGGATAGTGATAAATGACGGGTGA,264,2,GeNi
GeNi117,CATGCTTACGTGGCGTATCA,TTATGGTTGTGCATATTCGTCAT,285,2,GeNi
GeNi124,AAACCCGCTGACAAAGACAA,CGGGTTCGAGTCTTTACGG,223,2,GeNi
GeNi125,GCTTTAAATTCTCCATTTCACCA,GTCGTGGGACTTGCAACAT,271,2,GeNi
GeNi148,TCTGCAGGGTGAGGGTCTA,GCTCGAAATCAAGACCTCCCA,205,2,GeNi
GeNi155,CATATGGTGTGCTTGCAGC,GATCACCGGTGACATGATGC,273,2,GeNi
GeNi156,TCTTAGGTAGCGAGTCATGCT,ACGTAACGGCCTGAGAAAGT,292,2,GeNi
GeNi157,GCAGGAGGGTATGGATGTGG,CGTGAGTCACCATTTAAGATATCAA,220,2,GeNi
GeNi172,CGCGATCCAAACATATAGTGGG,CCTAACATGGGTGATACGGGT,286,2,GeNi
GeNi173,GGTGTAAACAAATGGGAGGG,ATCCGAGGATTGCACCACTG,294,2,GeNi
GeNi175,TCAGGCGGTGTCATCATCA,GCGTGCTTGCTACCAAACAA,144,2,GeNi
GeNi176,TATAGTAGATCTATGGCTAAGACGTT,CATTATATGGATACTGATGTGAGTGC,290,2,GeNi
GeNi177,AGCTAAAGTTATACATGCCACTCA,CCAGCTTGCAGTTCACCATC,155,2,GeNi
GeNi178,ACCATAAACGTAACACATGGATAAA,ATGCGTGCAAGAATCTTCGAT,140,2,GeNi
GeNi179,GGTTGTTGAAGATGAAGAGCT,GGTGGCTACATATGCAAGAAA,296,2,GeNi
GeNi187,CAGAAGGGCAGGAACTCGAG,ACTGAAGTTTGGTAGCAGCCA,291,2,GeNi
GeNi193,CATTTAAGATTGAATGGAGAGAACCT,ACGTTGATAGAAACAAGCACACC,292,2,GeNi
GeNi194,CCTCCATGAATGCAACCTGC,AGAAGAAGGATCAGCGGCTG,156,2,GeNi
PeJa005,CAAACCTATCCACCTGGCCC,ATGCCGCTCGTCATTGGTG,146,2,PeJa
PeJa010,CAACTTCTCAAGTGCCCGGA,CGTCACTCGATTCTGACCTCT,298,2,PeJa
PeJa012,ATTCGTCGCCTCTCCACCT,GTTGCGACACCTCATTTCC,219,2,PeJa
PeJa015,GGAAATTTCTAGGACACAAGCG,GCAACACAACAAACCCACCA,220,2,PeJa
PeJa017,GCAACCCGTCTTCTCTCTC,GTGTGAATGAACTTTGTCCCT,224,2,PeJa
PeJa018,AGTGGACCTGCCTAACAATCC,ACGAACACTACCCGAGTTTAGT,193,2,PeJa
PeJa028,AAGTTGCCGTACTCGAGGAG,ACAAAGGGTAAGTGACATCCC,191,2,PeJa
PeJa039,CCACTTCCATTAACAGTTACCAA,AGACGGTGATTGAGGAGTTTGT,188,2,PeJa
PeJa041,GACGGAACCCTTTCTATTTGA,GGGAATGGATTTGTCGTGAATT,295,2,PeJa
PeJa044,GGACATTTAACATAACAGCATGT,GTACTTTATTTAGGCGGACTTTGA,209,4,PeJa
PeJa051,GGCGGAATAAACATGTAGGCG,GTACAATTTGTCCAGACCCGT,160,2,PeJa
PeJa059,GACCACGGTGGGATCACAAT,TGAGATCGACGAACTGGGT,295,2,PeJa
PeJa071,AAACAAGTAGCAAGGTTGTTCAT,GCTCCCTGCTGGTATGTGAAT,293,2,PeJa
PeJa072,GCCAACCACGTTTAATTATCACG,CCAAACAAGAAGGGCAGGT,287,2,PeJa
PeJa074,CCGGCTTTCACCTGTAACCA,GCATTGAGGTTTGGCAGGTG,149,2,PeJa
PeJa076,AAACTGCCCACCATTGCTTT,CCAACGGTCCGACACTCAT,232,2,PeJa
PeJa079,ATGTACTCCCAAACAACCAAA,GTAACTGGCGGGTCGACTTT,247,2,PeJa
PeJa082,AGGTATGCCCGATTCTCCAA,GTTAGGACCTTATTTCTCTTGAAAGT,288,2,PeJa
PeJa086,GCCAATTCCCATGTTCGACA,CGTTCGTTGCTCCATCCTC,175,2,PeJa
PeJa090,AGACATCTGCCATCGACGTC,GTTCGTCTGATGAGGTCGAC,278,2,PeJa
PeMu003,AACCAAACCAACATTGCCCA,CAGAGGGCCCATTAAGCATA,120,2,PeMu
PeMu018,GTGATTAGGCGCAACAAAGA,TGTGACCAAGCAACGAGAAC,290,2,PeMu
PeMu021,GCGATTCAAAGGTGGATCAGA,GGGTGAGGCCAATTACAAGG,189,2,PeMu
PeMu026,GGGAAGTGTTTGTTTGTGGT,CCTCAAACACGCGAATTGA,293,2,PeMu
PeMu029,GAAACCCTCGATGATGCCCA,AGTGAAGTGACGGTTTAACTTCT,159,2,PeMu
PeMu036,CAAGTACAGCTGCATCGCA,CACCAAAGCCTTCTCCATCC,147,2,PeMu
PeMu045,AACATCACAGTTTGAACATGAAGT,ACCCAACCATTGCTCAAGGT,286,2,PeMu
PeMu046,GGGAGGTGTAGTTGTGAAGCA,GTGTAGGTATCTGCCATGCA,141,2,PeMu
PeMu049,GGAAACCCACATCAAGTAAGCC,CTGAAGTGGACACATGTGC,239,2,PeMu
PeMu051,GGCCCTGGAAATCCATTAGCT,GGTGCTTCCCGCTTGGTATA,242,2,PeMu
PeMu059,GAGGTCGAGAAGGTTGTGA,GCAATCCCAAATTGTTCTTCTCT,163,2,PeMu
PeMu063,AGCTCATATTCTACTTCTCGTCAA,GGAATTGGGAAAGGTGAACCC,129,2,PeMu
PeMu064,GTTGATTACACACAAGTCTCCAGA,GTACCCGTATTGTATTCAAGCT,91,2,PeMu
PeMu068,CCATTTGAGTTTAGAGAAGACACTGA,CCCAAACAATTTCCTTCGCA,241,2,PeMu
PeMu072,AATTTCTTCTTTGCCGCCGT,GGCACAAACTAATTACAGGCACA,118,2,PeMu
PeMu075,ACATGCACCTGAAATTTATCGAA,AGCACAATGCCATTCCTCAT,296,2,PeMu
PeMu079,GTAGTGATGGCTTCAACATTGC,GGGCATCTCAAATTTAACTACCCAG,241,2,PeMu
PeMu088,CAAAGTGATGAATTATGCGCA,CGTATTCTGGTTTATGAATTTCGT,118,2,PeMu
PeMu091,TTGGTGCGGTTCGTTTACG,ATTCCCGCTCATCACACCC,132,4,PeMu
PeMu095,ACAGCCAAATGCAACTTGTGT,AGCCTGCTAATCACAAATTCATC,248,2,PeMu
PoMa032,GCAATTTAAACCAGCCACAACT,CAGAAGGCCTTCCACAAGT,269,2,PoMa
PoMa048,AATGGCTCTAGGTGATCGTTT,AGCTCCCTTATTGTCAACTTCA,297,4,PoMa
PoMa054,TGGTACGAATAAGGTGTGCA,TTCGATATTGAAAGTATCCGATAGG,278,2,PoMa
PoMa074,TGGAGTGGCGGTGAAGTAG,ACGTCTGTCTTAAAGTGCCA,135,4,PoMa
PoMa080,ACACATAAGACTTGATTAGTTCGACC,ACAGCCATTGGATCAGGTGG,190,2,PoMa
PoMa103,GGAACGCCAAAGAAGTAGCA,CGAAGCGAGAGTCGTCCAAA,272,2,PoMa
PoMa104,GTCACAGCACCAATCACCA,CCTGAGTACTCCATTCAGCA,207,4,PoMa
PoMa110,GATTCCCTGTGAAGCCATCA,ATAGGCCCACTGTATTCGCC,292,4,PoMa
PoMa112,CACTTTGTGCAGCAGACTTT,GGTGGTTGTTTGAGTGTCAGA,206,2,PoMa
PoMa115,CACTGGTAAAGCAGCATCCT,CCCACTTTCTCCTGAAACCC,300,2,PoMa
PoMa127,CCTCATCAACTTTGTTCTCCATGT,CCTTTATCAATCAACACGTATGGT,195,2,PoMa
PoMa145,GGAGATAAGAGATGGAATTGAAGGG,AGCCTAGCTTGCAACAACCC,292,4,PoMa
PoMa147,CAGGTGTAGCATTTGCCCA,CAGCATTGCCCGGAGTAAA,138,4,PoMa
PoMa150,ACGCCATCGCCCTTGAATAT,ATCGCCTAGCTTGCTGTTCA,207,4,PoMa
PoMa152,GTTGCAAGCCCTCAGATCA,CCCTGCTTGCGTTGCTAAAG,297,4,PoMa
PoMa159,AACTCGGGTGGATGCTGC,AGCCTGCAAATTCACAACCC,160,2,PoMa
PoMa164,AGTGATCTTCTACATGGTAGTTCTGT,AGCACTAGTCTAAGAAACCATTACCT,279,2,PoMa
PoMa174,GGCTTCCTGACGTCACCTTT,GCATCACAAACATGTCATCCGT,299,4,PoMa
PoMa191,ACTGCTATATCCACGGTGCTG,AACCGCCACTTACCTTCACA,106,4,PoMa
PoMa194,ACACTTGGGCCATCCTTGTT,CGAGTAGCTGAGTCGGATCG,221,4,PoMa
PrCu004,AACCAAATCCATATGCAATGATGA,ACACCATTACTAGCAAGAGTTTGG,175,2,PrCu
PrCu009,CGGGAAGCAGATGAGTGAAA,GTTTCCACTTGCGTTATTATTCA,219,2,PrCu
PrCu012,GTATCAAAGCTAGACTAACGCT,GTGAGGTCGTGGGCTTCAAG,253,2,PrCu
PrCu016,CGCCGACAAGCTCGATTA,AGTCAGTAGGCGGGAAAGAC,150,2,PrCu
PrCu018,AGTAGATACGGCTGCGTGTT,ATTCTCTTCAGCCCAACGCA,121,2,PrCu
PrCu019,AATGTGTGAATTGGTTGTGCAA,CTTGGTTCATAAATGGCCC,191,2,PrCu
PrCu027,GTCTCATTCGTGTGAGGTGG,GGGTATGCAGCTCAAGAGTC,206,2,PrCu
PrCu036,TGATGACCAATACCAAGCCT,AACAAGAACAGATCGAAGAAGAAAT,182,2,PrCu
PrCu041,CGTGTGGACATGGTTAGGCT,AAGGAATTGAGTAGGTGTTTGACA,290,2,PrCu
PrCu043,CCTGGTGGTGAGTATGGAGC,GTAGTCGTAGGAAGTAGAGGG,179,2,PrCu
PrCu052,TCAGCAAAGTAGGAGAGTCA,GGCTTTGCTGACTGAAGGA,209,2,PrCu
PrCu053,AGCAAAGCGAATTACTCATCCTT,GAAGATTTCCACCATTCACAATG,186,2,PrCu
PrCu056,AACCACGACGTCCATCAAGT,CCAATCTCGGGCCAACATCT,227,2,PrCu
PrCu058,CCACGTGTCATCTCCTCATCT,CATGAGAGTGCTTAGCAATTGC,114,2,PrCu
PrCu059,TTCCGCGCCATTATCGGTT,TCTCATTGATTCCATACGGT,191,2,PrCu
PrCu078,GTAACCGTCGCGACTAACC,CAGCCGTCACCACTCCGT,190,2,PrCu
PrCu082,GTATTGTTGTACCTCTACATGG,CCCTCAACTATTCCTTTCTCACC,158,2,PrCu
PrCu084,CATTATAAGCAGATAGGAAAGACACA,ACAAAGAAGATTGTGGATAACCTCA,168,2,PrCu
PrCu087,AGGTGGTCATTTGGCCCATT,GACCTGAAGAATGAAAGGCGC,174,2,PrCu
PrCu088,AGACGTGGAGTTATGACGTAAGG,GTATACCTTATTGGAAGTGAGTGTG,291,2,PrCu
